{"cameraMode":{"drawMode":0,"name":"Shaded","section":"Shading Mode"},"sceneLighting":false,"audioPlay":false,"sceneViewState":{"showFog":true,"showMaterialUpdate":false,"showSkybox":true,"showFlares":true,"showImageEffects":true,"showParticleSystems":true},"in2DMode":false,"pivot":{"x":-1.3964958190917969,"y":5.275807857513428,"z":-0.05252265930175781},"rotation":{"x":-0.12989510595798493,"y":0.8676829934120178,"z":-0.372293621301651,"w":-0.30273911356925967},"size":31.452411651611329,"orthographic":false}