{"cameraMode":{"drawMode":0,"name":"Shaded","section":"Shading Mode"},"sceneLighting":false,"audioPlay":false,"sceneViewState":{"showFog":true,"showMaterialUpdate":false,"showSkybox":true,"showFlares":true,"showImageEffects":true,"showParticleSystems":true},"in2DMode":false,"pivot":{"x":0.22283530235290528,"y":3.3617966175079347,"z":-0.28562259674072268},"rotation":{"x":-0.12989510595798493,"y":0.8676829934120178,"z":-0.372293621301651,"w":-0.30273911356925967},"size":21.07419204711914,"orthographic":false}