{"cameraMode":{"drawMode":0,"name":"Shaded","section":"Shading Mode"},"sceneLighting":false,"audioPlay":false,"sceneViewState":{"showFog":true,"showMaterialUpdate":false,"showSkybox":true,"showFlares":true,"showImageEffects":true,"showParticleSystems":true},"in2DMode":false,"pivot":{"x":-115.47933959960938,"y":0.4172511100769043,"z":258.2472229003906},"rotation":{"x":-0.12989510595798493,"y":0.8676829934120178,"z":-0.372293621301651,"w":-0.30273911356925967},"size":64.20467376708985,"orthographic":false}