{"cameraMode":{"drawMode":0,"name":"Shaded","section":"Shading Mode"},"sceneLighting":false,"audioPlay":false,"sceneViewState":{"showFog":true,"showMaterialUpdate":false,"showSkybox":true,"showFlares":true,"showImageEffects":true,"showParticleSystems":true},"in2DMode":false,"pivot":{"x":5.748758316040039,"y":17.830549240112306,"z":0.6988983154296875},"rotation":{"x":-0.12989510595798493,"y":0.8676829934120178,"z":-0.372293621301651,"w":-0.30273911356925967},"size":91.77526092529297,"orthographic":false}