{"cameraMode":{"drawMode":0,"name":"Shaded","section":"Shading Mode"},"sceneLighting":false,"audioPlay":false,"sceneViewState":{"showFog":true,"showMaterialUpdate":false,"showSkybox":true,"showFlares":true,"showImageEffects":true,"showParticleSystems":true},"in2DMode":false,"pivot":{"x":418.5580749511719,"y":367.9909973144531,"z":12.4366455078125},"rotation":{"x":-0.0011870661983266473,"y":-0.027871564030647279,"z":-0.000032257401471724734,"w":0.9996108412742615},"size":865.4327392578125,"orthographic":false}