{"cameraMode":{"drawMode":0,"name":"Shaded","section":"Shading Mode"},"sceneLighting":false,"audioPlay":false,"sceneViewState":{"showFog":true,"showMaterialUpdate":false,"showSkybox":true,"showFlares":true,"showImageEffects":true,"showParticleSystems":true},"in2DMode":false,"pivot":{"x":0.47200003266334536,"y":0.9850000143051148,"z":0.11700001358985901},"rotation":{"x":0.03934277966618538,"y":0.943407416343689,"z":-0.30616718530654909,"w":0.12122871726751328},"size":4.883251667022705,"orthographic":false}