{"cameraMode":{"drawMode":0,"name":"Shaded","section":"Shading Mode"},"sceneLighting":false,"audioPlay":false,"sceneViewState":{"showFog":true,"showMaterialUpdate":false,"showSkybox":true,"showFlares":true,"showImageEffects":true,"showParticleSystems":true},"in2DMode":false,"pivot":{"x":582.8711547851563,"y":318.79559326171877,"z":-74.51187133789063},"rotation":{"x":0.006312080193310976,"y":0.011124511249363423,"z":-0.00006941950414329767,"w":0.9999182820320129},"size":140.1446990966797,"orthographic":false}