{"cameraMode":{"drawMode":0,"name":"Shaded","section":"Shading Mode"},"sceneLighting":false,"audioPlay":false,"sceneViewState":{"showFog":true,"showMaterialUpdate":false,"showSkybox":true,"showFlares":true,"showImageEffects":true,"showParticleSystems":true},"in2DMode":false,"pivot":{"x":1.1920928955078126e-7,"y":0.9916002750396729,"z":-0.29559028148651125},"rotation":{"x":-0.07885996252298355,"y":0.9205853939056397,"z":-0.28659895062446597,"w":-0.2533075213432312},"size":4.244741439819336,"orthographic":false}