{"cameraMode":{"drawMode":0,"name":"Shaded","section":"Shading Mode"},"sceneLighting":true,"audioPlay":false,"sceneViewState":{"showFog":false,"showMaterialUpdate":false,"showSkybox":false,"showFlares":false,"showImageEffects":false,"showParticleSystems":false},"in2DMode":false,"pivot":{"x":650.9660034179688,"y":43.42913818359375,"z":-117.81875610351563},"rotation":{"x":-0.08526146411895752,"y":0.8812602758407593,"z":-0.43094077706336977,"w":-0.17435845732688905},"size":833.0198364257813,"orthographic":false}