{"cameraMode":{"drawMode":0,"name":"Shaded","section":"Shading Mode"},"sceneLighting":false,"audioPlay":false,"sceneViewState":{"showFog":true,"showMaterialUpdate":false,"showSkybox":true,"showFlares":true,"showImageEffects":true,"showParticleSystems":true},"in2DMode":false,"pivot":{"x":35.0,"y":4.999998092651367,"z":-0.000003814697265625},"rotation":{"x":0.0067629157565534119,"y":0.9447619915008545,"z":-0.3271048665046692,"w":0.019531628116965295},"size":300.5768737792969,"orthographic":false}