{"cameraMode":{"drawMode":0,"name":"Shaded","section":"Shading Mode"},"sceneLighting":false,"audioPlay":false,"sceneViewState":{"showFog":true,"showMaterialUpdate":false,"showSkybox":true,"showFlares":true,"showImageEffects":true,"showParticleSystems":true},"in2DMode":false,"pivot":{"x":3.138232469558716,"y":1.7062970399856568,"z":-0.1276988983154297},"rotation":{"x":0.017669841647148134,"y":-0.04469616711139679,"z":-0.0007910378626547754,"w":-0.9988440871238709},"size":29.938961029052736,"orthographic":false}