{"cameraMode":{"drawMode":0,"name":"Shaded","section":"Shading Mode"},"sceneLighting":false,"audioPlay":false,"sceneViewState":{"showFog":true,"showMaterialUpdate":false,"showSkybox":true,"showFlares":true,"showImageEffects":true,"showParticleSystems":true},"in2DMode":false,"pivot":{"x":378.1282653808594,"y":203.20355224609376,"z":-105.68107604980469},"rotation":{"x":-0.0486515574157238,"y":0.9075714945793152,"z":-0.4023740887641907,"w":-0.10973689705133438},"size":992.1052856445313,"orthographic":false}