{"cameraMode":{"drawMode":0,"name":"Shaded","section":"Shading Mode"},"sceneLighting":false,"audioPlay":false,"sceneViewState":{"showFog":true,"showMaterialUpdate":false,"showSkybox":true,"showFlares":true,"showImageEffects":true,"showParticleSystems":true},"in2DMode":false,"pivot":{"x":69.45428466796875,"y":116.1754379272461,"z":44.04688262939453},"rotation":{"x":-0.025297874584794046,"y":-0.19814527034759522,"z":0.00511532835662365,"w":-0.9798328280448914},"size":152.02931213378907,"orthographic":false}