{"cameraMode":{"drawMode":0,"name":"Shaded","section":"Shading Mode"},"sceneLighting":false,"audioPlay":false,"sceneViewState":{"showFog":true,"showMaterialUpdate":false,"showSkybox":true,"showFlares":true,"showImageEffects":true,"showParticleSystems":true},"in2DMode":false,"pivot":{"x":24.63055992126465,"y":-0.8408203125,"z":1.578508973121643},"rotation":{"x":-0.06386732310056687,"y":0.9135963916778565,"z":-0.15805907547473908,"w":-0.36916109919548037},"size":4.064467906951904,"orthographic":false}