{"cameraMode":{"drawMode":0,"name":"Shaded","section":"Shading Mode"},"sceneLighting":true,"audioPlay":false,"sceneViewState":{"showFog":true,"showMaterialUpdate":false,"showSkybox":true,"showFlares":true,"showImageEffects":true,"showParticleSystems":true},"in2DMode":false,"pivot":{"x":4.385000228881836,"y":1.5229997634887696,"z":-0.12400054931640625},"rotation":{"x":-0.03405904769897461,"y":0.9640126824378967,"z":-0.21487364172935487,"w":-0.1528032422065735},"size":80.02074432373047,"orthographic":false}