{"cameraMode":{"drawMode":0,"name":"Shaded","section":"Shading Mode"},"sceneLighting":false,"audioPlay":false,"sceneViewState":{"showFog":true,"showMaterialUpdate":false,"showSkybox":true,"showFlares":true,"showImageEffects":true,"showParticleSystems":true},"in2DMode":false,"pivot":{"x":-1153.0511474609375,"y":544.7391967773438,"z":-2203.98291015625},"rotation":{"x":0.03934277966618538,"y":0.943407416343689,"z":-0.30616718530654909,"w":0.12122871726751328},"size":2.525995969772339,"orthographic":false}