{"cameraMode":{"drawMode":0,"name":"Shaded","section":"Shading Mode"},"sceneLighting":false,"audioPlay":false,"sceneViewState":{"showFog":true,"showMaterialUpdate":false,"showSkybox":true,"showFlares":true,"showImageEffects":true,"showParticleSystems":true},"in2DMode":false,"pivot":{"x":571.732421875,"y":537.2894287109375,"z":15.549433708190918},"rotation":{"x":0.0001808639062801376,"y":0.9925890564918518,"z":-0.12151064723730087,"w":0.001474924385547638},"size":4.1381731033325199,"orthographic":false}