{"cameraMode":{"drawMode":0,"name":"Shaded","section":"Shading Mode"},"sceneLighting":false,"audioPlay":false,"sceneViewState":{"showFog":true,"showMaterialUpdate":false,"showSkybox":true,"showFlares":true,"showImageEffects":true,"showParticleSystems":true},"in2DMode":false,"pivot":{"x":-2.7064473628997804,"y":-0.36541783809661868,"z":-3.1211395263671877},"rotation":{"x":0.03934277966618538,"y":0.943407416343689,"z":-0.30616718530654909,"w":0.12122871726751328},"size":7.633674621582031,"orthographic":false}