{"cameraMode":{"drawMode":0,"name":"Shaded","section":"Shading Mode"},"sceneLighting":false,"audioPlay":false,"sceneViewState":{"showFog":true,"showMaterialUpdate":false,"showSkybox":true,"showFlares":true,"showImageEffects":true,"showParticleSystems":true},"in2DMode":false,"pivot":{"x":-4.455509185791016,"y":1.1020636558532715,"z":85.04163360595703},"rotation":{"x":0.03934277966618538,"y":0.943407416343689,"z":-0.30616718530654909,"w":0.12122871726751328},"size":6.809123516082764,"orthographic":false}