{"cameraMode":{"drawMode":0,"name":"Shaded","section":"Shading Mode"},"sceneLighting":false,"audioPlay":false,"sceneViewState":{"showFog":true,"showMaterialUpdate":false,"showSkybox":true,"showFlares":true,"showImageEffects":true,"showParticleSystems":true},"in2DMode":false,"pivot":{"x":464.5640563964844,"y":271.5429992675781,"z":6.04425048828125},"rotation":{"x":-0.03780262544751167,"y":0.0032796927262097599,"z":-0.00012448217603377998,"w":-0.9992798566818237},"size":597.9888305664063,"orthographic":false}