{"cameraMode":{"drawMode":0,"name":"Shaded","section":"Shading Mode"},"sceneLighting":false,"audioPlay":false,"sceneViewState":{"showFog":true,"showMaterialUpdate":false,"showSkybox":true,"showFlares":true,"showImageEffects":true,"showParticleSystems":true},"in2DMode":false,"pivot":{"x":21.618244171142579,"y":9.378227233886719,"z":-2.8086609840393068},"rotation":{"x":-0.4399493634700775,"y":0.5548509955406189,"z":-0.4457690417766571,"w":-0.5476083159446716},"size":41.374324798583987,"orthographic":false}