{"cameraMode":{"drawMode":0,"name":"Shaded","section":"Shading Mode"},"sceneLighting":false,"audioPlay":false,"sceneViewState":{"showFog":true,"showMaterialUpdate":false,"showSkybox":true,"showFlares":true,"showImageEffects":true,"showParticleSystems":true},"in2DMode":false,"pivot":{"x":-0.08435045182704926,"y":2.982814073562622,"z":-0.2779308557510376},"rotation":{"x":-0.000007579527846246492,"y":0.9999895691871643,"z":-0.0018097625579684973,"w":-0.004199382849037647},"size":2.057770013809204,"orthographic":false}