{"cameraMode":{"drawMode":0,"name":"Shaded","section":"Shading Mode"},"sceneLighting":false,"audioPlay":false,"sceneViewState":{"showFog":true,"showMaterialUpdate":false,"showSkybox":true,"showFlares":true,"showImageEffects":true,"showParticleSystems":true},"in2DMode":false,"pivot":{"x":40.91724395751953,"y":0.5003132820129395,"z":2.195678234100342},"rotation":{"x":-0.4399493634700775,"y":0.5548509955406189,"z":-0.4457690417766571,"w":-0.5476083159446716},"size":31.2512264251709,"orthographic":false}