{"cameraMode":{"drawMode":0,"name":"Shaded","section":"Shading Mode"},"sceneLighting":false,"audioPlay":false,"sceneViewState":{"showFog":true,"showMaterialUpdate":false,"showSkybox":true,"showFlares":true,"showImageEffects":true,"showParticleSystems":true},"in2DMode":false,"pivot":{"x":14.02760124206543,"y":4.97006893157959,"z":2.33561372756958},"rotation":{"x":-0.4399493634700775,"y":0.5548509955406189,"z":-0.4457690417766571,"w":-0.5476083159446716},"size":19.084184646606447,"orthographic":false}