{"cameraMode":{"drawMode":0,"name":"Shaded","section":"Shading Mode"},"sceneLighting":false,"audioPlay":false,"sceneViewState":{"showFog":true,"showMaterialUpdate":false,"showSkybox":true,"showFlares":true,"showImageEffects":true,"showParticleSystems":true},"in2DMode":false,"pivot":{"x":0.04107010364532471,"y":0.6447159051895142,"z":-0.22001391649246217},"rotation":{"x":0.03934277966618538,"y":0.943407416343689,"z":-0.30616718530654909,"w":0.12122871726751328},"size":4.054450988769531,"orthographic":false}