{"cameraMode":{"drawMode":0,"name":"Shaded","section":"Shading Mode"},"sceneLighting":false,"audioPlay":false,"sceneViewState":{"showFog":true,"showMaterialUpdate":false,"showSkybox":true,"showFlares":true,"showImageEffects":true,"showParticleSystems":true},"in2DMode":false,"pivot":{"x":941.7861328125,"y":394.8122863769531,"z":22.1824951171875},"rotation":{"x":0.10060751438140869,"y":0.025989295914769174,"z":-0.002628113841637969,"w":0.9945833086967468},"size":329.240966796875,"orthographic":false}